{
  "project_info": {
    "project_number": "512327085618",
    "firebase_url": "https://quickfixapp2-43191-default-rtdb.firebaseio.com",
    "project_id": "quickfixapp2-43191",
    "storage_bucket": "quickfixapp2-43191.appspot.com"
  },
  "client": [
    {
      "client_info": {
        "mobilesdk_app_id": "1:512327085618:android:6212b103ce120b37fd162b",
        "android_client_info": {
          "package_name": "com.example.quickfixapp"
        }
      },
      "oauth_client": [
        {
          "client_id": "512327085618-eivblardkkmga8e0k0sa45fph1fnpnd2.apps.googleusercontent.com",
          "client_type": 3
        }
      ],
      "api_key": [
        {
          "current_key": "AIzaSyCHkxhUd97rGoMZwiYwE4KKgL3_Pcd-wbY"
        }
      ],
      "services": {
        "appinvite_service": {
          "other_platform_oauth_client": [
            {
              "client_id": "512327085618-eivblardkkmga8e0k0sa45fph1fnpnd2.apps.googleusercontent.com",
              "client_type": 3
            }
          ]
        }
      }
    }
  ],
  "configuration_version": "1"
}